sample_id,speaker_id,gender,input_audio_duration,asr_preprocessing_time,asr_inference_time,asr_decode_time,asr_latency,asr_rtf,asr_wer,asr_cer,llm_input_tokens,llm_output_tokens,llm_first_streamed_text,llm_generation_time,llm_tokens_per_sec,tts_generation_time,tts_audio_duration,tts_rtf,e2e_completion_latency,total_pipeline_latency
sample_01,392,female,41.275,0.2101,2.0357,0.0024,2.2482,0.0545,0.2537,0.0633,447,64,0.1464,3.4024,18.81,2.2548,10.6,0.2127,7.9089,7.9235
sample_01,392,female,41.275,0.1416,2.0762,0.0019,2.2197,0.0538,0.2537,0.0633,447,64,0.1414,3.3994,18.83,2.4316,11.8,0.2061,8.0531,8.0654
sample_01,392,female,41.275,0.2517,2.1057,0.0016,2.359,0.0572,0.2537,0.0633,447,64,0.1471,3.2194,19.88,2.3909,11.4,0.2097,7.9719,7.9895
sample_01,392,female,41.275,0.1395,2.1182,0.0017,2.2594,0.0547,0.2537,0.0633,447,64,0.1465,4.1256,15.51,2.3398,10.44,0.2241,8.7275,8.7413
sample_01,392,female,41.275,0.1502,2.1491,0.0015,2.3008,0.0557,0.2537,0.0633,447,64,0.1501,3.258,19.64,2.4858,11.8,0.2107,8.047,8.0589
sample_02,430,male,37.554,0.2216,1.7739,0.0022,1.9977,0.0532,0.1639,0.0602,375,64,0.1252,3.6886,17.35,3.6324,18.2,0.1996,9.3227,9.3383
sample_02,430,male,37.554,0.1297,1.806,0.0014,1.9371,0.0516,0.1639,0.0602,375,64,0.1262,3.7203,17.2,4.1902,21.56,0.1944,9.8502,9.8626
sample_02,430,male,37.554,0.1498,1.8245,0.0013,1.9756,0.0526,0.1639,0.0602,375,64,0.1284,3.2989,19.4,3.4821,17.48,0.1992,8.759,8.7725
sample_02,430,male,37.554,0.2046,1.8161,0.0023,2.023,0.0539,0.1639,0.0602,375,64,0.1259,3.5906,17.82,3.4627,17.56,0.1972,9.0798,9.0945
sample_02,430,male,37.554,0.1421,1.7908,0.0014,1.9343,0.0515,0.1639,0.0602,375,64,0.1252,3.5237,18.16,3.6562,18.56,0.197,9.1168,9.1279
sample_03,688,female,50.794,0.2091,2.9206,0.0019,3.1316,0.0617,0.3,0.0729,500,64,0.16,3.2818,19.5,2.7492,12.04,0.2283,9.1655,9.1792
sample_03,688,female,50.794,0.2923,2.9113,0.0026,3.2062,0.0631,0.3,0.0729,500,64,0.1591,3.3741,18.97,2.4517,11.6,0.2114,9.0358,9.0536
sample_03,688,female,50.794,0.1761,2.9145,0.0018,3.0924,0.0609,0.3,0.0729,500,64,0.1593,3.896,16.43,2.4941,11.8,0.2114,9.4853,9.4981
sample_03,688,female,50.794,0.1803,2.9104,0.0017,3.0924,0.0609,0.3,0.0729,500,64,0.1611,3.2707,19.57,2.5267,11.84,0.2134,8.8923,8.9056
sample_03,688,female,50.794,0.299,2.9125,0.003,3.2145,0.0633,0.3,0.0729,500,64,0.1643,3.5885,17.83,2.7984,12.24,0.2286,9.6055,9.6247
sample_04,868,male,51.914,0.1812,3.1967,0.0016,3.3795,0.0651,0.1429,0.0439,454,64,0.1525,3.9309,16.28,2.4833,11.6,0.2141,9.7961,9.8101
sample_04,868,male,51.914,0.1899,3.2015,0.0017,3.3931,0.0654,0.1429,0.0439,454,64,0.1554,3.284,19.49,3.0925,15.36,0.2013,9.7724,9.7866
sample_04,868,male,51.914,0.299,3.1885,0.0016,3.4891,0.0672,0.1429,0.0439,454,64,0.153,3.248,19.7,3.2191,15.72,0.2048,9.9589,9.9771
sample_04,868,male,51.914,0.1881,3.1684,0.0026,3.3591,0.0647,0.1429,0.0439,454,64,0.1546,3.9594,16.16,3.6651,18.68,0.1962,10.9872,11.0015
sample_04,868,male,51.914,0.211,3.1694,0.0016,3.382,0.0651,0.1429,0.0439,454,64,0.151,3.7278,17.17,3.4532,17.64,0.1958,10.5657,10.5818
sample_05,688,female,45.834,0.1792,2.5284,0.0015,2.7091,0.0591,0.1408,0.0429,429,64,0.1467,3.2897,19.45,2.437,11.2,0.2176,8.4382,8.4521
sample_05,688,female,45.834,0.2466,2.5378,0.0026,2.787,0.0608,0.1408,0.0429,429,64,0.1476,3.7576,17.03,2.4043,10.64,0.226,8.9527,8.9661
sample_05,688,female,45.834,0.1625,2.5341,0.0016,2.6982,0.0589,0.1408,0.0429,429,64,0.1486,3.4933,18.32,2.4306,11.0,0.221,8.6247,8.6365
sample_05,688,female,45.834,0.3084,2.5366,0.0015,2.8465,0.0621,0.1408,0.0429,429,64,0.1461,3.2616,19.62,2.4073,10.84,0.2221,8.5179,8.5383
sample_05,688,female,45.834,0.1591,2.5446,0.0025,2.7062,0.059,0.1408,0.0429,429,64,0.1493,4.0265,15.89,2.3928,10.84,0.2207,9.1289,9.1425
sample_06,928,female,51.914,0.1831,3.1895,0.0023,3.3749,0.065,0.2338,0.0672,447,64,0.1532,3.4612,18.49,3.2086,15.6,0.2057,10.0477,10.0613
sample_06,928,female,51.914,0.3204,3.1839,0.0017,3.506,0.0675,0.2338,0.0672,447,64,0.1498,3.3051,19.36,3.005,14.68,0.2047,9.8188,9.8359
sample_06,928,female,51.914,0.1834,3.1814,0.0026,3.3674,0.0649,0.2338,0.0672,447,64,0.1544,3.6162,17.7,3.2332,15.84,0.2041,10.2207,10.2343
sample_06,928,female,51.914,0.1801,3.1711,0.0017,3.3529,0.0646,0.2338,0.0672,447,64,0.1489,4.0465,15.82,3.3708,16.92,0.1992,10.7729,10.7861
sample_06,928,female,51.914,0.1804,3.1744,0.0026,3.3574,0.0647,0.2338,0.0672,447,64,0.1533,3.3502,19.1,3.1976,15.48,0.2066,9.9091,9.922
sample_07,928,female,47.594,0.252,2.749,0.0015,3.0025,0.0631,0.2,0.0535,445,64,0.1482,3.263,19.61,3.3678,17.16,0.1963,9.636,9.6541
sample_07,928,female,47.594,0.1773,2.7544,0.0025,2.9342,0.0616,0.2,0.0535,445,64,0.1532,3.9107,16.37,3.8874,19.96,0.1948,10.736,10.753
sample_07,928,female,47.594,0.1791,2.7522,0.0015,2.9328,0.0616,0.2,0.0535,445,64,0.1512,3.7833,16.92,3.7302,19.2,0.1943,10.4492,10.4627
sample_07,928,female,47.594,0.1671,2.7587,0.0016,2.9274,0.0615,0.2,0.0535,445,64,0.1509,3.3034,19.37,3.7621,19.32,0.1947,9.9955,10.007
sample_07,928,female,47.594,0.2517,2.7485,0.0015,3.0017,0.0631,0.2,0.0535,445,64,0.1499,3.2963,19.42,4.0624,20.16,0.2015,10.3632,10.3802
sample_08,816,male,40.675,0.1429,2.0814,0.002,2.2263,0.0547,0.1552,0.053,373,64,0.1256,3.8896,16.45,2.4043,11.04,0.2178,8.5232,8.5347
sample_08,816,male,40.675,0.1449,2.0769,0.0014,2.2232,0.0547,0.1552,0.053,373,64,0.1211,3.2869,19.47,3.3179,16.52,0.2008,8.8304,8.8417
sample_08,816,male,40.675,0.2461,2.0741,0.0013,2.3215,0.0571,0.1552,0.053,373,64,0.1224,3.2798,19.51,2.4475,11.24,0.2177,8.051,8.0653
sample_08,816,male,40.675,0.1421,2.076,0.0014,2.2195,0.0546,0.1552,0.053,373,64,0.1262,3.9365,16.26,3.6932,18.76,0.1969,9.8518,9.8635
sample_08,816,male,40.675,0.142,2.0786,0.0014,2.222,0.0546,0.1552,0.053,373,64,0.1241,3.2814,19.5,4.0848,21.24,0.1923,9.591,9.6036
sample_09,394,male,42.395,0.2339,2.2443,0.0015,2.4797,0.0585,0.2133,0.0563,441,64,0.1482,3.2566,19.65,2.5016,11.6,0.2157,8.2404,8.255
sample_09,394,male,42.395,0.1477,2.2411,0.0015,2.3903,0.0564,0.2133,0.0563,441,64,0.1493,4.163,15.37,2.4671,11.2,0.2203,9.0231,9.0343
sample_09,394,male,42.395,0.1676,2.2454,0.0016,2.4146,0.057,0.2133,0.0563,441,64,0.149,3.2729,19.55,2.4667,11.4,0.2164,8.1568,8.1708
sample_09,394,male,42.395,0.2602,2.2464,0.0026,2.5092,0.0592,0.2133,0.0563,441,64,0.1506,3.7284,17.17,2.4375,10.8,0.2257,8.6788,8.6943
sample_09,394,male,42.395,0.1563,2.2467,0.0015,2.4045,0.0567,0.2133,0.0563,441,64,0.1482,3.6141,17.71,2.4102,10.68,0.2257,8.4313,8.443
sample_10,394,male,38.315,0.2128,1.8339,0.0015,2.0482,0.0535,0.2222,0.0554,411,64,0.1439,3.2906,19.45,2.4943,11.44,0.218,7.8355,7.8604
sample_10,394,male,38.315,0.137,1.8313,0.0015,1.9698,0.0514,0.2222,0.0554,411,64,0.1466,4.0644,15.75,3.6549,17.79,0.2054,9.6918,9.705
sample_10,394,male,38.315,0.1529,1.8297,0.0015,1.9841,0.0518,0.2222,0.0554,411,64,0.1462,3.3024,19.38,2.4905,11.44,0.2177,7.7794,7.7934
sample_10,394,male,38.315,0.2197,1.8281,0.0027,2.0505,0.0535,0.2222,0.0554,411,64,0.1481,3.6779,17.4,2.4501,11.2,0.2188,8.1819,8.1963
sample_10,394,male,38.315,0.136,1.8303,0.0015,1.9678,0.0514,0.2222,0.0554,411,64,0.1428,3.4282,18.67,2.4847,11.6,0.2142,7.8832,7.8951
sample_11,414,male,41.675,0.261,2.1976,0.0016,2.4602,0.059,0.2687,0.0712,446,64,0.1507,3.2734,19.55,2.4627,11.6,0.2123,8.1988,8.2171
sample_11,414,male,41.675,0.1672,2.1921,0.0025,2.3618,0.0567,0.2687,0.0712,446,64,0.1508,4.2949,14.9,2.4826,11.8,0.2104,9.1427,9.1577
sample_11,414,male,41.675,0.1618,2.2027,0.0015,2.366,0.0568,0.2687,0.0712,446,64,0.1508,3.241,19.75,2.4695,11.6,0.2129,8.0789,8.0906
sample_11,414,male,41.675,0.2358,2.1903,0.0023,2.4284,0.0583,0.2687,0.0712,446,64,0.1504,3.5846,17.85,2.4876,11.8,0.2108,8.5039,8.5183
sample_11,414,male,41.675,0.1523,2.2062,0.0017,2.3602,0.0566,0.2687,0.0712,446,64,0.1521,3.6525,17.52,2.3687,10.6,0.2235,8.3841,8.3984
sample_12,413,male,45.114,0.2383,2.4789,0.0024,2.7196,0.0603,0.4412,0.1534,430,64,0.1513,3.3847,18.91,2.4547,11.4,0.2153,8.5626,8.5792
sample_12,413,male,45.114,0.162,2.4772,0.0025,2.6417,0.0586,0.4412,0.1534,430,64,0.1461,3.892,16.44,2.4837,11.8,0.2105,9.0209,9.0333
sample_12,413,male,45.114,0.1556,2.4849,0.0016,2.6421,0.0586,0.4412,0.1534,430,64,0.1496,3.2325,19.8,2.4485,11.2,0.2186,8.3256,8.3384
sample_12,413,male,45.114,0.2635,2.4801,0.0016,2.7452,0.0608,0.4412,0.1534,430,64,0.1478,3.3466,19.12,2.4661,11.4,0.2163,8.5605,8.5772
sample_12,413,male,45.114,0.1622,2.4754,0.0025,2.6401,0.0585,0.4412,0.1534,430,64,0.1492,4.0503,15.8,2.4606,11.4,0.2158,9.1539,9.166
